-- MySQL Script generated by MySQL Workbench
-- Thu Dec 16 01:07:01 2021
-- Model: New Model    Version: 1.0
-- MySQL Workbench Forward Engineering

SET @OLD_UNIQUE_CHECKS=@@UNIQUE_CHECKS, UNIQUE_CHECKS=0;
SET @OLD_FOREIGN_KEY_CHECKS=@@FOREIGN_KEY_CHECKS, FOREIGN_KEY_CHECKS=0;
SET @OLD_SQL_MODE=@@SQL_MODE, SQL_MODE='ONLY_FULL_GROUP_BY,STRICT_TRANS_TABLES,NO_ZERO_IN_DATE,NO_ZERO_DATE,ERROR_FOR_DIVISION_BY_ZERO,NO_ENGINE_SUBSTITUTION';

-- -----------------------------------------------------
-- Schema ExpertSurveys
-- -----------------------------------------------------
DROP SCHEMA IF EXISTS `ExpertSurveys` ;

-- -----------------------------------------------------
-- Schema ExpertSurveys
-- -----------------------------------------------------
CREATE SCHEMA IF NOT EXISTS `ExpertSurveys` DEFAULT CHARACTER SET utf8 ;
SHOW WARNINGS;
USE `ExpertSurveys` ;

-- -----------------------------------------------------
-- Table `ExpertSurveys`.`Alt`
-- -----------------------------------------------------
DROP TABLE IF EXISTS `ExpertSurveys`.`Alt` ;

SHOW WARNINGS;
CREATE TABLE IF NOT EXISTS `ExpertSurveys`.`Alt` (
  `id` INT NOT NULL,
  `type` TEXT NULL,
  `text` TEXT NULL,
  PRIMARY KEY (`id`))
ENGINE = InnoDB;

SHOW WARNINGS;

-- -----------------------------------------------------
-- Table `ExpertSurveys`.`Answer`
-- -----------------------------------------------------
DROP TABLE IF EXISTS `ExpertSurveys`.`Answer` ;

SHOW WARNINGS;
CREATE TABLE IF NOT EXISTS `ExpertSurveys`.`Answer` (
  `id` INT NOT NULL,
  `text` TEXT NULL,
  `date` DATE NULL,
  `Experts_id` INT NOT NULL,
  `Question_id` INT NOT NULL,
  `SelectedAlt_id` INT NOT NULL,
  INDEX `fk_Answers_Experts_idx` (`Experts_id` ASC) VISIBLE,
  INDEX `fk_Answers_Questions1_idx` (`Question_id` ASC) VISIBLE,
  PRIMARY KEY (`id`),
  INDEX `fk_Answers_SelectedAlt1_idx` (`SelectedAlt_id` ASC) VISIBLE,
  CONSTRAINT `fk_Answers_Experts`
    FOREIGN KEY (`Experts_id`)
    REFERENCES `ExpertSurveys`.`Expert` (`id`)
    ON DELETE NO ACTION
    ON UPDATE NO ACTION,
  CONSTRAINT `fk_Answers_Questions1`
    FOREIGN KEY (`Question_id`)
    REFERENCES `ExpertSurveys`.`Question` (`id`)
    ON DELETE NO ACTION
    ON UPDATE NO ACTION,
  CONSTRAINT `fk_Answers_SelectedAlt1`
    FOREIGN KEY (`SelectedAlt_id`)
    REFERENCES `ExpertSurveys`.`SelectedAlt` (`id`)
    ON DELETE NO ACTION
    ON UPDATE NO ACTION)
ENGINE = InnoDB;

SHOW WARNINGS;

-- -----------------------------------------------------
-- Table `ExpertSurveys`.`Expert`
-- -----------------------------------------------------
DROP TABLE IF EXISTS `ExpertSurveys`.`Expert` ;

SHOW WARNINGS;
CREATE TABLE IF NOT EXISTS `ExpertSurveys`.`Expert` (
  `id` INT NOT NULL,
  `job` TEXT NULL,
  `User_id` INT NOT NULL,
  PRIMARY KEY (`id`),
  INDEX `fk_Experts_Users1_idx` (`User_id` ASC) VISIBLE,
  CONSTRAINT `fk_Experts_Users1`
    FOREIGN KEY (`User_id`)
    REFERENCES `ExpertSurveys`.`User` (`id`)
    ON DELETE NO ACTION
    ON UPDATE NO ACTION)
ENGINE = InnoDB;

SHOW WARNINGS;

-- -----------------------------------------------------
-- Table `ExpertSurveys`.`Question`
-- -----------------------------------------------------
DROP TABLE IF EXISTS `ExpertSurveys`.`Question` ;

SHOW WARNINGS;
CREATE TABLE IF NOT EXISTS `ExpertSurveys`.`Question` (
  `id` INT NOT NULL,
  `type` TEXT NULL,
  `text` TEXT NULL,
  `Survey_id` INT NOT NULL,
  PRIMARY KEY (`id`),
  INDEX `fk_Questions_Surveys1_idx` (`Survey_id` ASC) VISIBLE,
  CONSTRAINT `fk_Questions_Surveys1`
    FOREIGN KEY (`Survey_id`)
    REFERENCES `ExpertSurveys`.`Survey` (`id`)
    ON DELETE NO ACTION
    ON UPDATE NO ACTION)
ENGINE = InnoDB;

SHOW WARNINGS;

-- -----------------------------------------------------
-- Table `ExpertSurveys`.`SelectedAlt`
-- -----------------------------------------------------
DROP TABLE IF EXISTS `ExpertSurveys`.`SelectedAlt` ;

SHOW WARNINGS;
CREATE TABLE IF NOT EXISTS `ExpertSurveys`.`SelectedAlt` (
  `id` INT NOT NULL,
  `Alt_id` INT NOT NULL,
  PRIMARY KEY (`id`),
  INDEX `fk_SelectedAlt_Alt1_idx` (`Alt_id` ASC) VISIBLE,
  CONSTRAINT `fk_SelectedAlt_Alt1`
    FOREIGN KEY (`Alt_id`)
    REFERENCES `ExpertSurveys`.`Alt` (`id`)
    ON DELETE NO ACTION
    ON UPDATE NO ACTION)
ENGINE = InnoDB;

SHOW WARNINGS;

-- -----------------------------------------------------
-- Table `ExpertSurveys`.`Survey`
-- -----------------------------------------------------
DROP TABLE IF EXISTS `ExpertSurveys`.`Survey` ;

SHOW WARNINGS;
CREATE TABLE IF NOT EXISTS `ExpertSurveys`.`Survey` (
  `id` INT NOT NULL,
  `text` TEXT NULL,
  `type` TEXT NULL,
  `topic` TEXT NULL,
  `date` DATE NULL,
  PRIMARY KEY (`id`))
ENGINE = InnoDB;

SHOW WARNINGS;

-- -----------------------------------------------------
-- Table `ExpertSurveys`.`SurveyAction`
-- -----------------------------------------------------
DROP TABLE IF EXISTS `ExpertSurveys`.`SurveyAction` ;

SHOW WARNINGS;
CREATE TABLE IF NOT EXISTS `ExpertSurveys`.`SurveyAction` (
  `id` INT NOT NULL,
  `at` DATE NULL,
  `Survey_id` INT NOT NULL,
  PRIMARY KEY (`id`),
  INDEX `fk_SurveyAction_Surveys1_idx` (`Survey_id` ASC) VISIBLE,
  CONSTRAINT `fk_SurveyAction_Surveys1`
    FOREIGN KEY (`Survey_id`)
    REFERENCES `ExpertSurveys`.`Survey` (`id`)
    ON DELETE NO ACTION
    ON UPDATE NO ACTION)
ENGINE = InnoDB;

SHOW WARNINGS;

-- -----------------------------------------------------
-- Table `ExpertSurveys`.`SurveyState`
-- -----------------------------------------------------
DROP TABLE IF EXISTS `ExpertSurveys`.`SurveyState` ;

SHOW WARNINGS;
CREATE TABLE IF NOT EXISTS `ExpertSurveys`.`SurveyState` (
  `id` INT NOT NULL,
  `name` TEXT NULL,
  `Survey_id` INT NOT NULL,
  PRIMARY KEY (`id`),
  INDEX `fk_SurveyState_Surveys1_idx` (`Survey_id` ASC) VISIBLE,
  CONSTRAINT `fk_SurveyState_Surveys1`
    FOREIGN KEY (`Survey_id`)
    REFERENCES `ExpertSurveys`.`Survey` (`id`)
    ON DELETE NO ACTION
    ON UPDATE NO ACTION)
ENGINE = InnoDB;

SHOW WARNINGS;

-- -----------------------------------------------------
-- Table `ExpertSurveys`.`User`
-- -----------------------------------------------------
DROP TABLE IF EXISTS `ExpertSurveys`.`User` ;

SHOW WARNINGS;
CREATE TABLE IF NOT EXISTS `ExpertSurveys`.`User` (
  `id` INT NOT NULL,
  `username` TEXT NULL,
  `mail` TEXT NULL,
  PRIMARY KEY (`id`))
ENGINE = InnoDB;

SHOW WARNINGS;

SET SQL_MODE=@OLD_SQL_MODE;
SET FOREIGN_KEY_CHECKS=@OLD_FOREIGN_KEY_CHECKS;
SET UNIQUE_CHECKS=@OLD_UNIQUE_CHECKS;

-- -----------------------------------------------------
-- Data for table `ExpertSurveys`.`User`
-- -----------------------------------------------------
START TRANSACTION;
USE `ExpertSurveys`;
INSERT INTO `ExpertSurveys`.`User` (`id`, `username`, `mail`) VALUES (1, 'user1', 'user1@mail.com');
INSERT INTO `ExpertSurveys`.`User` (`id`, `username`, `mail`) VALUES (2, 'user2', 'user2@mail.com');
INSERT INTO `ExpertSurveys`.`User` (`id`, `username`, `mail`) VALUES (3, 'user3', 'user3@mail.com');
INSERT INTO `ExpertSurveys`.`User` (`id`, `username`, `mail`) VALUES (4, 'user4', 'user4@mail.com');
INSERT INTO `ExpertSurveys`.`User` (`id`, `username`, `mail`) VALUES (5, 'user5', 'user5@mail.com');
INSERT INTO `ExpertSurveys`.`User` (`id`, `username`, `mail`) VALUES (6, 'user6', 'user6@mail.com');
INSERT INTO `ExpertSurveys`.`User` (`id`, `username`, `mail`) VALUES (7, 'user7', 'user7@mail.com');
INSERT INTO `ExpertSurveys`.`User` (`id`, `username`, `mail`) VALUES (8, 'user8', 'user8@mail.com');
INSERT INTO `ExpertSurveys`.`User` (`id`, `username`, `mail`) VALUES (9, 'user9', 'user9@mail.com');
INSERT INTO `ExpertSurveys`.`User` (`id`, `username`, `mail`) VALUES (10, 'user10', 'user10@mail.com');

COMMIT;

-- -----------------------------------------------------
-- Data for table `ExpertSurveys`.`Alt`
-- -----------------------------------------------------
START TRANSACTION;
USE `ExpertSurveys`;
INSERT INTO `ExpertSurveys`.`Alt` (`id`, `type`, `text`) VALUES (1, 'minmax', '4');
INSERT INTO `ExpertSurveys`.`Alt` (`id`, `type`, `text`) VALUES (2, 'select', 'select5');
INSERT INTO `ExpertSurveys`.`Alt` (`id`, `type`, `text`) VALUES (3, 'radiobutton', '3');
INSERT INTO `ExpertSurveys`.`Alt` (`id`, `type`, `text`) VALUES (4, 'select', 'select2');
INSERT INTO `ExpertSurveys`.`Alt` (`id`, `type`, `text`) VALUES (5, 'minmax', '3');

COMMIT;

-- -----------------------------------------------------
-- Data for table `ExpertSurveys`.`Expert`
-- -----------------------------------------------------
START TRANSACTION;
USE `ExpertSurveys`;
INSERT INTO `ExpertSurveys`.`Expert` (`id`, `job`, `User_id`) VALUES (1, 'job1', 1);
INSERT INTO `ExpertSurveys`.`Expert` (`id`, `job`, `User_id`) VALUES (2, 'job1', 2);
INSERT INTO `ExpertSurveys`.`Expert` (`id`, `job`, `User_id`) VALUES (3, 'job2', 3);
INSERT INTO `ExpertSurveys`.`Expert` (`id`, `job`, `User_id`) VALUES (4, 'job3', 4);
INSERT INTO `ExpertSurveys`.`Expert` (`id`, `job`, `User_id`) VALUES (5, 'job2', 5);
INSERT INTO `ExpertSurveys`.`Expert` (`id`, `job`, `User_id`) VALUES (6, 'job1', 6);

COMMIT;


-- -----------------------------------------------------
-- Data for table `ExpertSurveys`.`Survey`
-- -----------------------------------------------------
START TRANSACTION;
USE `ExpertSurveys`;
INSERT INTO `ExpertSurveys`.`Survey` (`id`, `text`, `type`, `topic`, `date`) VALUES (1, 'text1', 'typ1', 'topic1', '1970-01-01');
INSERT INTO `ExpertSurveys`.`Survey` (`id`, `text`, `type`, `topic`, `date`) VALUES (2, 'text2', 'type2', 'topic1', '1970-01-01');
INSERT INTO `ExpertSurveys`.`Survey` (`id`, `text`, `type`, `topic`, `date`) VALUES (3, 'text3', 'type3', 'topic2', '1970-01-01');

COMMIT;


-- -----------------------------------------------------
-- Data for table `ExpertSurveys`.`SurveyAction`
-- -----------------------------------------------------
START TRANSACTION;
USE `ExpertSurveys`;
INSERT INTO `ExpertSurveys`.`SurveyAction` (`id`, `at`, `Survey_id`) VALUES (1, '1970-01-01', 1);

COMMIT;


-- -----------------------------------------------------
-- Data for table `ExpertSurveys`.`SurveyState`
-- -----------------------------------------------------
START TRANSACTION;
USE `ExpertSurveys`;
INSERT INTO `ExpertSurveys`.`SurveyState` (`id`, `name`, `Survey_id`) VALUES (1, 'Done', 1);
INSERT INTO `ExpertSurveys`.`SurveyState` (`id`, `name`, `Survey_id`) VALUES (2, 'Progress', 2);
INSERT INTO `ExpertSurveys`.`SurveyState` (`id`, `name`, `Survey_id`) VALUES (3, 'Checking', 3);

COMMIT;


-- -----------------------------------------------------
-- Data for table `ExpertSurveys`.`Question`
-- -----------------------------------------------------
START TRANSACTION;
USE `ExpertSurveys`;
INSERT INTO `ExpertSurveys`.`Question` (`id`, `type`, `text`, `Survey_id`) VALUES (1, 'type1', 'Question1', 1);
INSERT INTO `ExpertSurveys`.`Question` (`id`, `type`, `text`, `Survey_id`) VALUES (2, 'type1', 'Question2', 2);
INSERT INTO `ExpertSurveys`.`Question` (`id`, `type`, `text`, `Survey_id`) VALUES (3, 'type2', 'Question3', 2);
INSERT INTO `ExpertSurveys`.`Question` (`id`, `type`, `text`, `Survey_id`) VALUES (4, 'type1', 'Question4', 2);
INSERT INTO `ExpertSurveys`.`Question` (`id`, `type`, `text`, `Survey_id`) VALUES (5, 'type4', 'Question5', 2);
INSERT INTO `ExpertSurveys`.`Question` (`id`, `type`, `text`, `Survey_id`) VALUES (6, 'type5', 'Question6', 2);
INSERT INTO `ExpertSurveys`.`Question` (`id`, `type`, `text`, `Survey_id`) VALUES (7, 'type2', 'Question7', 1);
INSERT INTO `ExpertSurveys`.`Question` (`id`, `type`, `text`, `Survey_id`) VALUES (8, 'type6', 'Question8', 1);
INSERT INTO `ExpertSurveys`.`Question` (`id`, `type`, `text`, `Survey_id`) VALUES (9, 'type5', 'Question9', 1);
INSERT INTO `ExpertSurveys`.`Question` (`id`, `type`, `text`, `Survey_id`) VALUES (10, 'type5', 'Question10', 3);

COMMIT;


-- -----------------------------------------------------
-- Data for table `ExpertSurveys`.`SelectedAlt`
-- -----------------------------------------------------
START TRANSACTION;
USE `ExpertSurveys`;
INSERT INTO `ExpertSurveys`.`SelectedAlt` (`id`, `Alt_id`) VALUES (1, 2);
INSERT INTO `ExpertSurveys`.`SelectedAlt` (`id`, `Alt_id`) VALUES (2, 1);
INSERT INTO `ExpertSurveys`.`SelectedAlt` (`id`, `Alt_id`) VALUES (3, 3);
INSERT INTO `ExpertSurveys`.`SelectedAlt` (`id`, `Alt_id`) VALUES (4, 4);
INSERT INTO `ExpertSurveys`.`SelectedAlt` (`id`, `Alt_id`) VALUES (5, 4);
INSERT INTO `ExpertSurveys`.`SelectedAlt` (`id`, `Alt_id`) VALUES (6, 2);
INSERT INTO `ExpertSurveys`.`SelectedAlt` (`id`, `Alt_id`) VALUES (7, 5);
INSERT INTO `ExpertSurveys`.`SelectedAlt` (`id`, `Alt_id`) VALUES (8, 1);
INSERT INTO `ExpertSurveys`.`SelectedAlt` (`id`, `Alt_id`) VALUES (9, 2);
INSERT INTO `ExpertSurveys`.`SelectedAlt` (`id`, `Alt_id`) VALUES (10, 5);

COMMIT;

-- -----------------------------------------------------
-- Data for table `ExpertSurveys`.`Answer`
-- -----------------------------------------------------
START TRANSACTION;
USE `ExpertSurveys`;
INSERT INTO `ExpertSurveys`.`Answer` (`id`, `text`, `date`, `Experts_id`, `Question_id`, `SelectedAlt_id`) VALUES (1, 'text1', '1970-01-01', 1, 1, 1);
INSERT INTO `ExpertSurveys`.`Answer` (`id`, `text`, `date`, `Experts_id`, `Question_id`, `SelectedAlt_id`) VALUES (2, 'text2', '1970-01-01', 1, 2, 3);
INSERT INTO `ExpertSurveys`.`Answer` (`id`, `text`, `date`, `Experts_id`, `Question_id`, `SelectedAlt_id`) VALUES (3, 'text3', '1970-01-01', 2, 1, 5);
INSERT INTO `ExpertSurveys`.`Answer` (`id`, `text`, `date`, `Experts_id`, `Question_id`, `SelectedAlt_id`) VALUES (4, 'text4', '1970-01-01', 2, 2, 5);
INSERT INTO `ExpertSurveys`.`Answer` (`id`, `text`, `date`, `Experts_id`, `Question_id`, `SelectedAlt_id`) VALUES (5, 'text5', '1970-01-01', 3, 2, 5);
INSERT INTO `ExpertSurveys`.`Answer` (`id`, `text`, `date`, `Experts_id`, `Question_id`, `SelectedAlt_id`) VALUES (6, 'text6', '1970-01-01', 4, 1, 5);
INSERT INTO `ExpertSurveys`.`Answer` (`id`, `text`, `date`, `Experts_id`, `Question_id`, `SelectedAlt_id`) VALUES (7, 'text7', '1970-01-01', 4, 2, 1);
INSERT INTO `ExpertSurveys`.`Answer` (`id`, `text`, `date`, `Experts_id`, `Question_id`, `SelectedAlt_id`) VALUES (8, 'text8', '1970-01-01', 5, 1, 1);
INSERT INTO `ExpertSurveys`.`Answer` (`id`, `text`, `date`, `Experts_id`, `Question_id`, `SelectedAlt_id`) VALUES (9, 'text9', '1970-01-01', 5, 2, 2);
INSERT INTO `ExpertSurveys`.`Answer` (`id`, `text`, `date`, `Experts_id`, `Question_id`, `SelectedAlt_id`) VALUES (10, 'text10', '1970-01-01', 6, 1, 4);

COMMIT;





