-- MySQL Script generated by MySQL Workbench
-- Wed Dec 15 23:02:41 2021
-- Model: New Model    Version: 1.0
-- MySQL Workbench Forward Engineering

SET @OLD_UNIQUE_CHECKS=@@UNIQUE_CHECKS, UNIQUE_CHECKS=0;
SET @OLD_FOREIGN_KEY_CHECKS=@@FOREIGN_KEY_CHECKS, FOREIGN_KEY_CHECKS=0;
SET @OLD_SQL_MODE=@@SQL_MODE, SQL_MODE='ONLY_FULL_GROUP_BY,STRICT_TRANS_TABLES,NO_ZERO_IN_DATE,NO_ZERO_DATE,ERROR_FOR_DIVISION_BY_ZERO,NO_ENGINE_SUBSTITUTION';

-- -----------------------------------------------------
-- Schema ExpertSurveys
-- -----------------------------------------------------
DROP SCHEMA IF EXISTS `ExpertSurveys` ;

-- -----------------------------------------------------
-- Schema ExpertSurveys
-- -----------------------------------------------------
CREATE SCHEMA IF NOT EXISTS `ExpertSurveys` DEFAULT CHARACTER SET utf8 ;
SHOW WARNINGS;
USE `ExpertSurveys` ;

-- -----------------------------------------------------
-- Table `ExpertSurveys`.`Alt`
-- -----------------------------------------------------
DROP TABLE IF EXISTS `ExpertSurveys`.`Alt` ;

SHOW WARNINGS;
CREATE TABLE IF NOT EXISTS `ExpertSurveys`.`Alt` (
  `id` INT NOT NULL,
  `type` TEXT NULL,
  `text` TEXT NULL,
  `Questions_id` INT NOT NULL,
  `Answers_id` INT NOT NULL,
  PRIMARY KEY (`id`),
  INDEX `fk_Alt_Questions1_idx` (`Questions_id` ASC) VISIBLE,
  INDEX `fk_Alt_Answers1_idx` (`Answers_id` ASC) VISIBLE,
  CONSTRAINT `fk_Alt_Questions1`
    FOREIGN KEY (`Questions_id`)
    REFERENCES `ExpertSurveys`.`Questions` (`id`)
    ON DELETE NO ACTION
    ON UPDATE NO ACTION,
  CONSTRAINT `fk_Alt_Answers1`
    FOREIGN KEY (`Answers_id`)
    REFERENCES `ExpertSurveys`.`Answers` (`id`)
    ON DELETE NO ACTION
    ON UPDATE NO ACTION)
ENGINE = InnoDB;

SHOW WARNINGS;

-- -----------------------------------------------------
-- Table `ExpertSurveys`.`Answers`
-- -----------------------------------------------------
DROP TABLE IF EXISTS `ExpertSurveys`.`Answers` ;

SHOW WARNINGS;
CREATE TABLE IF NOT EXISTS `ExpertSurveys`.`Answers` (
  `id` INT NOT NULL,
  `text` TEXT NULL,
  `date` DATE NULL,
  `Experts_id` INT NOT NULL,
  `Questions_id` INT NOT NULL,
  `SelectedAlt_id` INT NOT NULL,
  INDEX `fk_Answers_Experts_idx` (`Experts_id` ASC) VISIBLE,
  INDEX `fk_Answers_Questions1_idx` (`Questions_id` ASC) VISIBLE,
  PRIMARY KEY (`id`),
  INDEX `fk_Answers_SelectedAlt1_idx` (`SelectedAlt_id` ASC) VISIBLE,
  CONSTRAINT `fk_Answers_Experts`
    FOREIGN KEY (`Experts_id`)
    REFERENCES `ExpertSurveys`.`Experts` (`id`)
    ON DELETE NO ACTION
    ON UPDATE NO ACTION,
  CONSTRAINT `fk_Answers_Questions1`
    FOREIGN KEY (`Questions_id`)
    REFERENCES `ExpertSurveys`.`Questions` (`id`)
    ON DELETE NO ACTION
    ON UPDATE NO ACTION,
  CONSTRAINT `fk_Answers_SelectedAlt1`
    FOREIGN KEY (`SelectedAlt_id`)
    REFERENCES `ExpertSurveys`.`SelectedAlt` (`id`)
    ON DELETE NO ACTION
    ON UPDATE NO ACTION)
ENGINE = InnoDB;

SHOW WARNINGS;

-- -----------------------------------------------------
-- Table `ExpertSurveys`.`Experts`
-- -----------------------------------------------------
DROP TABLE IF EXISTS `ExpertSurveys`.`Experts` ;

SHOW WARNINGS;
CREATE TABLE IF NOT EXISTS `ExpertSurveys`.`Experts` (
  `id` INT NOT NULL,
  `job` TEXT NULL,
  `Users_id` INT NOT NULL,
  PRIMARY KEY (`id`),
  INDEX `fk_Experts_Users1_idx` (`Users_id` ASC) VISIBLE,
  CONSTRAINT `fk_Experts_Users1`
    FOREIGN KEY (`Users_id`)
    REFERENCES `ExpertSurveys`.`Users` (`id`)
    ON DELETE NO ACTION
    ON UPDATE NO ACTION)
ENGINE = InnoDB;

SHOW WARNINGS;

-- -----------------------------------------------------
-- Table `ExpertSurveys`.`Questions`
-- -----------------------------------------------------
DROP TABLE IF EXISTS `ExpertSurveys`.`Questions` ;

SHOW WARNINGS;
CREATE TABLE IF NOT EXISTS `ExpertSurveys`.`Questions` (
  `id` INT NOT NULL,
  `type` TEXT NULL,
  `text` TEXT NULL,
  `Surveys_id` INT NOT NULL,
  PRIMARY KEY (`id`),
  INDEX `fk_Questions_Surveys1_idx` (`Surveys_id` ASC) VISIBLE,
  CONSTRAINT `fk_Questions_Surveys1`
    FOREIGN KEY (`Surveys_id`)
    REFERENCES `ExpertSurveys`.`Surveys` (`id`)
    ON DELETE NO ACTION
    ON UPDATE NO ACTION)
ENGINE = InnoDB;

SHOW WARNINGS;

-- -----------------------------------------------------
-- Table `ExpertSurveys`.`SelectedAlt`
-- -----------------------------------------------------
DROP TABLE IF EXISTS `ExpertSurveys`.`SelectedAlt` ;

SHOW WARNINGS;
CREATE TABLE IF NOT EXISTS `ExpertSurveys`.`SelectedAlt` (
  `id` INT NOT NULL,
  `Alt_id` INT NOT NULL,
  PRIMARY KEY (`id`),
  INDEX `fk_SelectedAlt_Alt1_idx` (`Alt_id` ASC) VISIBLE,
  CONSTRAINT `fk_SelectedAlt_Alt1`
    FOREIGN KEY (`Alt_id`)
    REFERENCES `ExpertSurveys`.`Alt` (`id`)
    ON DELETE NO ACTION
    ON UPDATE NO ACTION)
ENGINE = InnoDB;

SHOW WARNINGS;

-- -----------------------------------------------------
-- Table `ExpertSurveys`.`SurveyAction`
-- -----------------------------------------------------
DROP TABLE IF EXISTS `ExpertSurveys`.`SurveyAction` ;

SHOW WARNINGS;
CREATE TABLE IF NOT EXISTS `ExpertSurveys`.`SurveyAction` (
  `id` INT NOT NULL,
  `at` DATE NULL,
  `Surveys_id` INT NOT NULL,
  PRIMARY KEY (`id`),
  INDEX `fk_SurveyAction_Surveys1_idx` (`Surveys_id` ASC) VISIBLE,
  CONSTRAINT `fk_SurveyAction_Surveys1`
    FOREIGN KEY (`Surveys_id`)
    REFERENCES `ExpertSurveys`.`Surveys` (`id`)
    ON DELETE NO ACTION
    ON UPDATE NO ACTION)
ENGINE = InnoDB;

SHOW WARNINGS;

-- -----------------------------------------------------
-- Table `ExpertSurveys`.`Surveys`
-- -----------------------------------------------------
DROP TABLE IF EXISTS `ExpertSurveys`.`Surveys` ;

SHOW WARNINGS;
CREATE TABLE IF NOT EXISTS `ExpertSurveys`.`Surveys` (
  `id` INT NOT NULL,
  `text` TEXT NULL,
  `type` TEXT NULL,
  `topic` TEXT NULL,
  `date` DATE NULL,
  PRIMARY KEY (`id`))
ENGINE = InnoDB;

SHOW WARNINGS;

-- -----------------------------------------------------
-- Table `ExpertSurveys`.`SurveyState`
-- -----------------------------------------------------
DROP TABLE IF EXISTS `ExpertSurveys`.`SurveyState` ;

SHOW WARNINGS;
CREATE TABLE IF NOT EXISTS `ExpertSurveys`.`SurveyState` (
  `id` INT NOT NULL,
  `name` TEXT NULL,
  `Surveys_id` INT NOT NULL,
  PRIMARY KEY (`id`),
  INDEX `fk_SurveyState_Surveys1_idx` (`Surveys_id` ASC) VISIBLE,
  CONSTRAINT `fk_SurveyState_Surveys1`
    FOREIGN KEY (`Surveys_id`)
    REFERENCES `ExpertSurveys`.`Surveys` (`id`)
    ON DELETE NO ACTION
    ON UPDATE NO ACTION)
ENGINE = InnoDB;

SHOW WARNINGS;

-- -----------------------------------------------------
-- Table `ExpertSurveys`.`Users`
-- -----------------------------------------------------
DROP TABLE IF EXISTS `ExpertSurveys`.`Users` ;

SHOW WARNINGS;
CREATE TABLE IF NOT EXISTS `ExpertSurveys`.`Users` (
  `id` INT NOT NULL,
  `username` TEXT NULL,
  `mail` TEXT NULL,
  PRIMARY KEY (`id`))
ENGINE = InnoDB;

SHOW WARNINGS;

SET SQL_MODE=@OLD_SQL_MODE;
SET FOREIGN_KEY_CHECKS=@OLD_FOREIGN_KEY_CHECKS;
SET UNIQUE_CHECKS=@OLD_UNIQUE_CHECKS;

-- -----------------------------------------------------
-- Data for table `ExpertSurveys`.`Alt`
-- -----------------------------------------------------
START TRANSACTION;
USE `ExpertSurveys`;
INSERT INTO `ExpertSurveys`.`Alt` (`id`, `type`, `text`, `Questions_id`, `Answers_id`) VALUES (1, 'minmax', '4', 1, 2);
INSERT INTO `ExpertSurveys`.`Alt` (`id`, `type`, `text`, `Questions_id`, `Answers_id`) VALUES (2, 'select', 'select5', 4, 1);
INSERT INTO `ExpertSurveys`.`Alt` (`id`, `type`, `text`, `Questions_id`, `Answers_id`) VALUES (3, 'radiobutton', '3', 6, 1);
INSERT INTO `ExpertSurveys`.`Alt` (`id`, `type`, `text`, `Questions_id`, `Answers_id`) VALUES (4, 'select', 'select2', 3, 3);
INSERT INTO `ExpertSurveys`.`Alt` (`id`, `type`, `text`, `Questions_id`, `Answers_id`) VALUES (5, 'minmax', '3', 8, 5);

COMMIT;


-- -----------------------------------------------------
-- Data for table `ExpertSurveys`.`Answers`
-- -----------------------------------------------------
START TRANSACTION;
USE `ExpertSurveys`;
INSERT INTO `ExpertSurveys`.`Answers` (`id`, `text`, `date`, `Experts_id`, `Questions_id`, `SelectedAlt_id`) VALUES (1, 'text1', '01.01.1970', 1, 1, 1);
INSERT INTO `ExpertSurveys`.`Answers` (`id`, `text`, `date`, `Experts_id`, `Questions_id`, `SelectedAlt_id`) VALUES (2, 'text2', '01.01.1970', 1, 2, 2);
INSERT INTO `ExpertSurveys`.`Answers` (`id`, `text`, `date`, `Experts_id`, `Questions_id`, `SelectedAlt_id`) VALUES (3, 'text3', '01.01.1970', 2, 1, 3);
INSERT INTO `ExpertSurveys`.`Answers` (`id`, `text`, `date`, `Experts_id`, `Questions_id`, `SelectedAlt_id`) VALUES (4, 'text4', '01.01.1970', 2, 2, 4);
INSERT INTO `ExpertSurveys`.`Answers` (`id`, `text`, `date`, `Experts_id`, `Questions_id`, `SelectedAlt_id`) VALUES (5, 'text5', '01.01.1970', 3, 2, 5);
INSERT INTO `ExpertSurveys`.`Answers` (`id`, `text`, `date`, `Experts_id`, `Questions_id`, `SelectedAlt_id`) VALUES (6, 'text6', '01.01.1970', 4, 1, 6);
INSERT INTO `ExpertSurveys`.`Answers` (`id`, `text`, `date`, `Experts_id`, `Questions_id`, `SelectedAlt_id`) VALUES (7, 'text7', '01.01.1970', 4, 2, 7);
INSERT INTO `ExpertSurveys`.`Answers` (`id`, `text`, `date`, `Experts_id`, `Questions_id`, `SelectedAlt_id`) VALUES (8, 'text8', '01.01.1970', 5, 1, 8);
INSERT INTO `ExpertSurveys`.`Answers` (`id`, `text`, `date`, `Experts_id`, `Questions_id`, `SelectedAlt_id`) VALUES (9, 'text9', '01.01.1970', 5, 2, 9);
INSERT INTO `ExpertSurveys`.`Answers` (`id`, `text`, `date`, `Experts_id`, `Questions_id`, `SelectedAlt_id`) VALUES (10, 'text10', '01.01.1970', 6, 1, 10);

COMMIT;


-- -----------------------------------------------------
-- Data for table `ExpertSurveys`.`Experts`
-- -----------------------------------------------------
START TRANSACTION;
USE `ExpertSurveys`;
INSERT INTO `ExpertSurveys`.`Experts` (`id`, `job`, `Users_id`) VALUES (1, 'job1', 2);
INSERT INTO `ExpertSurveys`.`Experts` (`id`, `job`, `Users_id`) VALUES (2, 'job1', 5);
INSERT INTO `ExpertSurveys`.`Experts` (`id`, `job`, `Users_id`) VALUES (3, 'job2', 6);
INSERT INTO `ExpertSurveys`.`Experts` (`id`, `job`, `Users_id`) VALUES (4, 'job3', 7);
INSERT INTO `ExpertSurveys`.`Experts` (`id`, `job`, `Users_id`) VALUES (5, 'job2', 8);
INSERT INTO `ExpertSurveys`.`Experts` (`id`, `job`, `Users_id`) VALUES (6, 'job1', 10);

COMMIT;


-- -----------------------------------------------------
-- Data for table `ExpertSurveys`.`Questions`
-- -----------------------------------------------------
START TRANSACTION;
USE `ExpertSurveys`;
INSERT INTO `ExpertSurveys`.`Questions` (`id`, `type`, `text`, `Surveys_id`) VALUES (1, 'type1', 'Question1', 1);
INSERT INTO `ExpertSurveys`.`Questions` (`id`, `type`, `text`, `Surveys_id`) VALUES (2, 'type1', 'Question2', 2);
INSERT INTO `ExpertSurveys`.`Questions` (`id`, `type`, `text`, `Surveys_id`) VALUES (3, 'type2', 'Question3', 2);
INSERT INTO `ExpertSurveys`.`Questions` (`id`, `type`, `text`, `Surveys_id`) VALUES (4, 'type1', 'Question4', 2);
INSERT INTO `ExpertSurveys`.`Questions` (`id`, `type`, `text`, `Surveys_id`) VALUES (5, 'type4', 'Question5', 2);
INSERT INTO `ExpertSurveys`.`Questions` (`id`, `type`, `text`, `Surveys_id`) VALUES (6, 'type5', 'Question6', 2);
INSERT INTO `ExpertSurveys`.`Questions` (`id`, `type`, `text`, `Surveys_id`) VALUES (7, 'type2', 'Question7', 1);
INSERT INTO `ExpertSurveys`.`Questions` (`id`, `type`, `text`, `Surveys_id`) VALUES (8, 'type6', 'Question8', 1);
INSERT INTO `ExpertSurveys`.`Questions` (`id`, `type`, `text`, `Surveys_id`) VALUES (9, 'type5', 'Question9', 1);
INSERT INTO `ExpertSurveys`.`Questions` (`id`, `type`, `text`, `Surveys_id`) VALUES (10, 'type5', 'Question10', 3);

COMMIT;


-- -----------------------------------------------------
-- Data for table `ExpertSurveys`.`SelectedAlt`
-- -----------------------------------------------------
START TRANSACTION;
USE `ExpertSurveys`;
INSERT INTO `ExpertSurveys`.`SelectedAlt` (`id`, `Alt_id`) VALUES (1, 2);
INSERT INTO `ExpertSurveys`.`SelectedAlt` (`id`, `Alt_id`) VALUES (2, 1);
INSERT INTO `ExpertSurveys`.`SelectedAlt` (`id`, `Alt_id`) VALUES (3, 3);
INSERT INTO `ExpertSurveys`.`SelectedAlt` (`id`, `Alt_id`) VALUES (4, 4);
INSERT INTO `ExpertSurveys`.`SelectedAlt` (`id`, `Alt_id`) VALUES (5, 4);
INSERT INTO `ExpertSurveys`.`SelectedAlt` (`id`, `Alt_id`) VALUES (6, 2);
INSERT INTO `ExpertSurveys`.`SelectedAlt` (`id`, `Alt_id`) VALUES (7, 5);
INSERT INTO `ExpertSurveys`.`SelectedAlt` (`id`, `Alt_id`) VALUES (8, 1);
INSERT INTO `ExpertSurveys`.`SelectedAlt` (`id`, `Alt_id`) VALUES (9, 2);
INSERT INTO `ExpertSurveys`.`SelectedAlt` (`id`, `Alt_id`) VALUES (10, 5);

COMMIT;


-- -----------------------------------------------------
-- Data for table `ExpertSurveys`.`SurveyAction`
-- -----------------------------------------------------
START TRANSACTION;
USE `ExpertSurveys`;
INSERT INTO `ExpertSurveys`.`SurveyAction` (`id`, `at`, `Surveys_id`) VALUES (1, '01.01.1970', 1);

COMMIT;


-- -----------------------------------------------------
-- Data for table `ExpertSurveys`.`Surveys`
-- -----------------------------------------------------
START TRANSACTION;
USE `ExpertSurveys`;
INSERT INTO `ExpertSurveys`.`Surveys` (`id`, `text`, `type`, `topic`, `date`) VALUES (1, 'text1', 'typ1', 'topic1', '01.01.1970');
INSERT INTO `ExpertSurveys`.`Surveys` (`id`, `text`, `type`, `topic`, `date`) VALUES (2, 'text2', 'type2', 'topic1', '01.01.1970');
INSERT INTO `ExpertSurveys`.`Surveys` (`id`, `text`, `type`, `topic`, `date`) VALUES (3, 'text3', 'type3', 'topic2', '01.01.1970');

COMMIT;


-- -----------------------------------------------------
-- Data for table `ExpertSurveys`.`SurveyState`
-- -----------------------------------------------------
START TRANSACTION;
USE `ExpertSurveys`;
INSERT INTO `ExpertSurveys`.`SurveyState` (`id`, `name`, `Surveys_id`) VALUES (1, 'Done', 1);
INSERT INTO `ExpertSurveys`.`SurveyState` (`id`, `name`, `Surveys_id`) VALUES (2, 'Progress', 2);
INSERT INTO `ExpertSurveys`.`SurveyState` (`id`, `name`, `Surveys_id`) VALUES (3, 'Checking', 3);

COMMIT;


-- -----------------------------------------------------
-- Data for table `ExpertSurveys`.`Users`
-- -----------------------------------------------------
START TRANSACTION;
USE `ExpertSurveys`;
INSERT INTO `ExpertSurveys`.`Users` (`id`, `username`, `mail`) VALUES (1, 'user1', 'user1@mail.com');
INSERT INTO `ExpertSurveys`.`Users` (`id`, `username`, `mail`) VALUES (2, 'user2', 'user2@mail.com');
INSERT INTO `ExpertSurveys`.`Users` (`id`, `username`, `mail`) VALUES (3, 'user3', 'user3@mail.com');
INSERT INTO `ExpertSurveys`.`Users` (`id`, `username`, `mail`) VALUES (4, 'user4', 'user4@mail.com');
INSERT INTO `ExpertSurveys`.`Users` (`id`, `username`, `mail`) VALUES (5, 'user5', 'user5@mail.com');
INSERT INTO `ExpertSurveys`.`Users` (`id`, `username`, `mail`) VALUES (6, 'user6', 'user6@mail.com');
INSERT INTO `ExpertSurveys`.`Users` (`id`, `username`, `mail`) VALUES (7, 'user7', 'user7@mail.com');
INSERT INTO `ExpertSurveys`.`Users` (`id`, `username`, `mail`) VALUES (8, 'user8', 'user8@mail.com');
INSERT INTO `ExpertSurveys`.`Users` (`id`, `username`, `mail`) VALUES (9, 'user9', 'user9@mail.com');
INSERT INTO `ExpertSurveys`.`Users` (`id`, `username`, `mail`) VALUES (10, 'user10', 'user10@mail.com');

COMMIT;

